<%@taglib prefix="sql" uri="http://java.sun.com/jsp/jstl/sql"%>
<%-- 
    Document   : JSTL_basic
    Created on : Mar 15, 2018, 11:16:10 AM
    Author     : dhaval
--%>
<%@taglib uri="http://java.sun.com/jsp/jstl/core" prefix="c"%>
<%@page contentType="text/html" pageEncoding="UTF-8"%>
<!DOCTYPE html>
<html>
    <head>
        <meta http-equiv="Content-Type" content="text/html; charset=UTF-8">
        <title>JSP Page</title>
    </head>
    <body>

        <c:out value="${'welcome to JSTL'}"/>
        <c:out value="${100+200}"/><br>
        <c:set var="a" value="${200*3}"/>
       value of a =  <c:out value="${a+1}"/><br>
       
       <c:if test="${a>500}">
           <c:out value="${'congratulation'}"/> 
           
       </c:if>
       <br>
       <c:remove var="a"/>
after removal:       <c:out value="${a}"/>
       <br>
<c:catch var = "myException">
<% int a = 10 / 0; %>
    </c:catch>
<c:out value="${myException}"/>

<br>
<c:set var="a" value="${800}"/>
<c:choose>
    
    <c:when test="${a<500}">
        you loose
    </c:when>
    <c:when test="${a>500}">
        you win
    </c:when>
        <c:otherwise>
           lol
        </c:otherwise>
</c:choose>
           <c:forEach var="i" begin="0" end="5">
               <c:out value="${i}"/> <br>
           </c:forEach>
<br>
<c:forTokens items="IT Jindabad lala " delims=" " var="name">
               <c:out value="${name}"/> <br>
    
</c:forTokens>
               
<c:url value="/MyJspFile.jsp"/>
<c:redirect url="google.com"/> 


    </body>
</html>
