package org.apache.jsp;

import javax.servlet.*;
import javax.servlet.http.*;
import javax.servlet.jsp.*;

public final class JSTL_005fbasic_jsp extends org.apache.jasper.runtime.HttpJspBase
    implements org.apache.jasper.runtime.JspSourceDependent {

  private static final JspFactory _jspxFactory = JspFactory.getDefaultFactory();

  private static java.util.List<String> _jspx_dependants;

  private org.apache.jasper.runtime.TagHandlerPool _jspx_tagPool_c_catch_var;
  private org.apache.jasper.runtime.TagHandlerPool _jspx_tagPool_c_remove_var_nobody;
  private org.apache.jasper.runtime.TagHandlerPool _jspx_tagPool_c_param_value_name_nobody;
  private org.apache.jasper.runtime.TagHandlerPool _jspx_tagPool_c_if_test;
  private org.apache.jasper.runtime.TagHandlerPool _jspx_tagPool_c_otherwise;
  private org.apache.jasper.runtime.TagHandlerPool _jspx_tagPool_c_forTokens_var_items_delims;
  private org.apache.jasper.runtime.TagHandlerPool _jspx_tagPool_c_set_var_value_nobody;
  private org.apache.jasper.runtime.TagHandlerPool _jspx_tagPool_c_url_var_value;
  private org.apache.jasper.runtime.TagHandlerPool _jspx_tagPool_c_out_value_nobody;
  private org.apache.jasper.runtime.TagHandlerPool _jspx_tagPool_c_choose;
  private org.apache.jasper.runtime.TagHandlerPool _jspx_tagPool_c_url_value_nobody;
  private org.apache.jasper.runtime.TagHandlerPool _jspx_tagPool_c_forEach_var_end_begin;
  private org.apache.jasper.runtime.TagHandlerPool _jspx_tagPool_c_when_test;

  private org.glassfish.jsp.api.ResourceInjector _jspx_resourceInjector;

  public java.util.List<String> getDependants() {
    return _jspx_dependants;
  }

  public void _jspInit() {
    _jspx_tagPool_c_catch_var = org.apache.jasper.runtime.TagHandlerPool.getTagHandlerPool(getServletConfig());
    _jspx_tagPool_c_remove_var_nobody = org.apache.jasper.runtime.TagHandlerPool.getTagHandlerPool(getServletConfig());
    _jspx_tagPool_c_param_value_name_nobody = org.apache.jasper.runtime.TagHandlerPool.getTagHandlerPool(getServletConfig());
    _jspx_tagPool_c_if_test = org.apache.jasper.runtime.TagHandlerPool.getTagHandlerPool(getServletConfig());
    _jspx_tagPool_c_otherwise = org.apache.jasper.runtime.TagHandlerPool.getTagHandlerPool(getServletConfig());
    _jspx_tagPool_c_forTokens_var_items_delims = org.apache.jasper.runtime.TagHandlerPool.getTagHandlerPool(getServletConfig());
    _jspx_tagPool_c_set_var_value_nobody = org.apache.jasper.runtime.TagHandlerPool.getTagHandlerPool(getServletConfig());
    _jspx_tagPool_c_url_var_value = org.apache.jasper.runtime.TagHandlerPool.getTagHandlerPool(getServletConfig());
    _jspx_tagPool_c_out_value_nobody = org.apache.jasper.runtime.TagHandlerPool.getTagHandlerPool(getServletConfig());
    _jspx_tagPool_c_choose = org.apache.jasper.runtime.TagHandlerPool.getTagHandlerPool(getServletConfig());
    _jspx_tagPool_c_url_value_nobody = org.apache.jasper.runtime.TagHandlerPool.getTagHandlerPool(getServletConfig());
    _jspx_tagPool_c_forEach_var_end_begin = org.apache.jasper.runtime.TagHandlerPool.getTagHandlerPool(getServletConfig());
    _jspx_tagPool_c_when_test = org.apache.jasper.runtime.TagHandlerPool.getTagHandlerPool(getServletConfig());
  }

  public void _jspDestroy() {
    _jspx_tagPool_c_catch_var.release();
    _jspx_tagPool_c_remove_var_nobody.release();
    _jspx_tagPool_c_param_value_name_nobody.release();
    _jspx_tagPool_c_if_test.release();
    _jspx_tagPool_c_otherwise.release();
    _jspx_tagPool_c_forTokens_var_items_delims.release();
    _jspx_tagPool_c_set_var_value_nobody.release();
    _jspx_tagPool_c_url_var_value.release();
    _jspx_tagPool_c_out_value_nobody.release();
    _jspx_tagPool_c_choose.release();
    _jspx_tagPool_c_url_value_nobody.release();
    _jspx_tagPool_c_forEach_var_end_begin.release();
    _jspx_tagPool_c_when_test.release();
  }

  public void _jspService(HttpServletRequest request, HttpServletResponse response)
        throws java.io.IOException, ServletException {

    PageContext pageContext = null;
    HttpSession session = null;
    ServletContext application = null;
    ServletConfig config = null;
    JspWriter out = null;
    Object page = this;
    JspWriter _jspx_out = null;
    PageContext _jspx_page_context = null;

    try {
      response.setContentType("text/html;charset=UTF-8");
      pageContext = _jspxFactory.getPageContext(this, request, response,
      			null, true, 8192, true);
      _jspx_page_context = pageContext;
      application = pageContext.getServletContext();
      config = pageContext.getServletConfig();
      session = pageContext.getSession();
      out = pageContext.getOut();
      _jspx_out = out;
      _jspx_resourceInjector = (org.glassfish.jsp.api.ResourceInjector) application.getAttribute("com.sun.appserv.jsp.resource.injector");

      out.write('\n');
      out.write("\n");
      out.write("\n");
      out.write("\n");
      out.write("<!DOCTYPE html>\n");
      out.write("<html>\n");
      out.write("    <head>\n");
      out.write("        <meta http-equiv=\"Content-Type\" content=\"text/html; charset=UTF-8\">\n");
      out.write("        <title>JSP Page</title>\n");
      out.write("    </head>\n");
      out.write("    <body>\n");
      out.write("\n");
      out.write("        ");
      if (_jspx_meth_c_out_0(_jspx_page_context))
        return;
      out.write("\n");
      out.write("        ");
      if (_jspx_meth_c_out_1(_jspx_page_context))
        return;
      out.write("<br>\n");
      out.write("        ");
      if (_jspx_meth_c_set_0(_jspx_page_context))
        return;
      out.write("\n");
      out.write("       value of a =  ");
      if (_jspx_meth_c_out_2(_jspx_page_context))
        return;
      out.write("<br>\n");
      out.write("       \n");
      out.write("       ");
      if (_jspx_meth_c_if_0(_jspx_page_context))
        return;
      out.write("\n");
      out.write("       <br>\n");
      out.write("       ");
      if (_jspx_meth_c_remove_0(_jspx_page_context))
        return;
      out.write("\n");
      out.write("after removal:       ");
      if (_jspx_meth_c_out_4(_jspx_page_context))
        return;
      out.write("\n");
      out.write("       <br>\n");
      //  c:catch
      org.apache.taglibs.standard.tag.common.core.CatchTag _jspx_th_c_catch_0 = (org.apache.taglibs.standard.tag.common.core.CatchTag) _jspx_tagPool_c_catch_var.get(org.apache.taglibs.standard.tag.common.core.CatchTag.class);
      _jspx_th_c_catch_0.setPageContext(_jspx_page_context);
      _jspx_th_c_catch_0.setParent(null);
      _jspx_th_c_catch_0.setVar("myException");
      int[] _jspx_push_body_count_c_catch_0 = new int[] { 0 };
      try {
        int _jspx_eval_c_catch_0 = _jspx_th_c_catch_0.doStartTag();
        if (_jspx_eval_c_catch_0 != javax.servlet.jsp.tagext.Tag.SKIP_BODY) {
          do {
            out.write('\n');
 int a = 10 / 0; 
            out.write("\n");
            out.write("    ");
            int evalDoAfterBody = _jspx_th_c_catch_0.doAfterBody();
            if (evalDoAfterBody != javax.servlet.jsp.tagext.BodyTag.EVAL_BODY_AGAIN)
              break;
          } while (true);
        }
        if (_jspx_th_c_catch_0.doEndTag() == javax.servlet.jsp.tagext.Tag.SKIP_PAGE) {
          return;
        }
      } catch (Throwable _jspx_exception) {
        while (_jspx_push_body_count_c_catch_0[0]-- > 0)
          out = _jspx_page_context.popBody();
        _jspx_th_c_catch_0.doCatch(_jspx_exception);
      } finally {
        _jspx_th_c_catch_0.doFinally();
        _jspx_tagPool_c_catch_var.reuse(_jspx_th_c_catch_0);
      }
      out.write('\n');
      if (_jspx_meth_c_out_5(_jspx_page_context))
        return;
      out.write("\n");
      out.write("\n");
      out.write("<br>\n");
      if (_jspx_meth_c_set_1(_jspx_page_context))
        return;
      out.write('\n');
      if (_jspx_meth_c_choose_0(_jspx_page_context))
        return;
      out.write("\n");
      out.write("           ");
      if (_jspx_meth_c_forEach_0(_jspx_page_context))
        return;
      out.write("\n");
      out.write("<br>\n");
      if (_jspx_meth_c_forTokens_0(_jspx_page_context))
        return;
      out.write("\n");
      out.write("               \n");
      if (_jspx_meth_c_url_0(_jspx_page_context))
        return;
      out.write('\n');
      out.write(' ');
      out.write('\n');
      if (_jspx_meth_c_url_1(_jspx_page_context))
        return;
      out.write("  \n");
      out.write("\n");
      out.write("    </body>\n");
      out.write("</html>\n");
    } catch (Throwable t) {
      if (!(t instanceof SkipPageException)){
        out = _jspx_out;
        if (out != null && out.getBufferSize() != 0)
          out.clearBuffer();
        if (_jspx_page_context != null) _jspx_page_context.handlePageException(t);
        else throw new ServletException(t);
      }
    } finally {
      _jspxFactory.releasePageContext(_jspx_page_context);
    }
  }

  private boolean _jspx_meth_c_out_0(PageContext _jspx_page_context)
          throws Throwable {
    PageContext pageContext = _jspx_page_context;
    JspWriter out = _jspx_page_context.getOut();
    //  c:out
    org.apache.taglibs.standard.tag.rt.core.OutTag _jspx_th_c_out_0 = (org.apache.taglibs.standard.tag.rt.core.OutTag) _jspx_tagPool_c_out_value_nobody.get(org.apache.taglibs.standard.tag.rt.core.OutTag.class);
    _jspx_th_c_out_0.setPageContext(_jspx_page_context);
    _jspx_th_c_out_0.setParent(null);
    _jspx_th_c_out_0.setValue((java.lang.Object) org.apache.jasper.runtime.PageContextImpl.evaluateExpression("${'welcome to JSTL'}", java.lang.Object.class, (PageContext)_jspx_page_context, null));
    int _jspx_eval_c_out_0 = _jspx_th_c_out_0.doStartTag();
    if (_jspx_th_c_out_0.doEndTag() == javax.servlet.jsp.tagext.Tag.SKIP_PAGE) {
      _jspx_tagPool_c_out_value_nobody.reuse(_jspx_th_c_out_0);
      return true;
    }
    _jspx_tagPool_c_out_value_nobody.reuse(_jspx_th_c_out_0);
    return false;
  }

  private boolean _jspx_meth_c_out_1(PageContext _jspx_page_context)
          throws Throwable {
    PageContext pageContext = _jspx_page_context;
    JspWriter out = _jspx_page_context.getOut();
    //  c:out
    org.apache.taglibs.standard.tag.rt.core.OutTag _jspx_th_c_out_1 = (org.apache.taglibs.standard.tag.rt.core.OutTag) _jspx_tagPool_c_out_value_nobody.get(org.apache.taglibs.standard.tag.rt.core.OutTag.class);
    _jspx_th_c_out_1.setPageContext(_jspx_page_context);
    _jspx_th_c_out_1.setParent(null);
    _jspx_th_c_out_1.setValue((java.lang.Object) org.apache.jasper.runtime.PageContextImpl.evaluateExpression("${100+200}", java.lang.Object.class, (PageContext)_jspx_page_context, null));
    int _jspx_eval_c_out_1 = _jspx_th_c_out_1.doStartTag();
    if (_jspx_th_c_out_1.doEndTag() == javax.servlet.jsp.tagext.Tag.SKIP_PAGE) {
      _jspx_tagPool_c_out_value_nobody.reuse(_jspx_th_c_out_1);
      return true;
    }
    _jspx_tagPool_c_out_value_nobody.reuse(_jspx_th_c_out_1);
    return false;
  }

  private boolean _jspx_meth_c_set_0(PageContext _jspx_page_context)
          throws Throwable {
    PageContext pageContext = _jspx_page_context;
    JspWriter out = _jspx_page_context.getOut();
    //  c:set
    org.apache.taglibs.standard.tag.rt.core.SetTag _jspx_th_c_set_0 = (org.apache.taglibs.standard.tag.rt.core.SetTag) _jspx_tagPool_c_set_var_value_nobody.get(org.apache.taglibs.standard.tag.rt.core.SetTag.class);
    _jspx_th_c_set_0.setPageContext(_jspx_page_context);
    _jspx_th_c_set_0.setParent(null);
    _jspx_th_c_set_0.setVar("a");
    _jspx_th_c_set_0.setValue((java.lang.Object) org.apache.jasper.runtime.PageContextImpl.evaluateExpression("${200*3}", java.lang.Object.class, (PageContext)_jspx_page_context, null));
    int _jspx_eval_c_set_0 = _jspx_th_c_set_0.doStartTag();
    if (_jspx_th_c_set_0.doEndTag() == javax.servlet.jsp.tagext.Tag.SKIP_PAGE) {
      _jspx_tagPool_c_set_var_value_nobody.reuse(_jspx_th_c_set_0);
      return true;
    }
    _jspx_tagPool_c_set_var_value_nobody.reuse(_jspx_th_c_set_0);
    return false;
  }

  private boolean _jspx_meth_c_out_2(PageContext _jspx_page_context)
          throws Throwable {
    PageContext pageContext = _jspx_page_context;
    JspWriter out = _jspx_page_context.getOut();
    //  c:out
    org.apache.taglibs.standard.tag.rt.core.OutTag _jspx_th_c_out_2 = (org.apache.taglibs.standard.tag.rt.core.OutTag) _jspx_tagPool_c_out_value_nobody.get(org.apache.taglibs.standard.tag.rt.core.OutTag.class);
    _jspx_th_c_out_2.setPageContext(_jspx_page_context);
    _jspx_th_c_out_2.setParent(null);
    _jspx_th_c_out_2.setValue((java.lang.Object) org.apache.jasper.runtime.PageContextImpl.evaluateExpression("${a+1}", java.lang.Object.class, (PageContext)_jspx_page_context, null));
    int _jspx_eval_c_out_2 = _jspx_th_c_out_2.doStartTag();
    if (_jspx_th_c_out_2.doEndTag() == javax.servlet.jsp.tagext.Tag.SKIP_PAGE) {
      _jspx_tagPool_c_out_value_nobody.reuse(_jspx_th_c_out_2);
      return true;
    }
    _jspx_tagPool_c_out_value_nobody.reuse(_jspx_th_c_out_2);
    return false;
  }

  private boolean _jspx_meth_c_if_0(PageContext _jspx_page_context)
          throws Throwable {
    PageContext pageContext = _jspx_page_context;
    JspWriter out = _jspx_page_context.getOut();
    //  c:if
    org.apache.taglibs.standard.tag.rt.core.IfTag _jspx_th_c_if_0 = (org.apache.taglibs.standard.tag.rt.core.IfTag) _jspx_tagPool_c_if_test.get(org.apache.taglibs.standard.tag.rt.core.IfTag.class);
    _jspx_th_c_if_0.setPageContext(_jspx_page_context);
    _jspx_th_c_if_0.setParent(null);
    _jspx_th_c_if_0.setTest(((java.lang.Boolean) org.apache.jasper.runtime.PageContextImpl.evaluateExpression("${a>500}", java.lang.Boolean.class, (PageContext)_jspx_page_context, null)).booleanValue());
    int _jspx_eval_c_if_0 = _jspx_th_c_if_0.doStartTag();
    if (_jspx_eval_c_if_0 != javax.servlet.jsp.tagext.Tag.SKIP_BODY) {
      do {
        out.write("\n");
        out.write("           ");
        if (_jspx_meth_c_out_3((javax.servlet.jsp.tagext.JspTag) _jspx_th_c_if_0, _jspx_page_context))
          return true;
        out.write(" \n");
        out.write("           \n");
        out.write("       ");
        int evalDoAfterBody = _jspx_th_c_if_0.doAfterBody();
        if (evalDoAfterBody != javax.servlet.jsp.tagext.BodyTag.EVAL_BODY_AGAIN)
          break;
      } while (true);
    }
    if (_jspx_th_c_if_0.doEndTag() == javax.servlet.jsp.tagext.Tag.SKIP_PAGE) {
      _jspx_tagPool_c_if_test.reuse(_jspx_th_c_if_0);
      return true;
    }
    _jspx_tagPool_c_if_test.reuse(_jspx_th_c_if_0);
    return false;
  }

  private boolean _jspx_meth_c_out_3(javax.servlet.jsp.tagext.JspTag _jspx_th_c_if_0, PageContext _jspx_page_context)
          throws Throwable {
    PageContext pageContext = _jspx_page_context;
    JspWriter out = _jspx_page_context.getOut();
    //  c:out
    org.apache.taglibs.standard.tag.rt.core.OutTag _jspx_th_c_out_3 = (org.apache.taglibs.standard.tag.rt.core.OutTag) _jspx_tagPool_c_out_value_nobody.get(org.apache.taglibs.standard.tag.rt.core.OutTag.class);
    _jspx_th_c_out_3.setPageContext(_jspx_page_context);
    _jspx_th_c_out_3.setParent((javax.servlet.jsp.tagext.Tag) _jspx_th_c_if_0);
    _jspx_th_c_out_3.setValue((java.lang.Object) org.apache.jasper.runtime.PageContextImpl.evaluateExpression("${'congratulation'}", java.lang.Object.class, (PageContext)_jspx_page_context, null));
    int _jspx_eval_c_out_3 = _jspx_th_c_out_3.doStartTag();
    if (_jspx_th_c_out_3.doEndTag() == javax.servlet.jsp.tagext.Tag.SKIP_PAGE) {
      _jspx_tagPool_c_out_value_nobody.reuse(_jspx_th_c_out_3);
      return true;
    }
    _jspx_tagPool_c_out_value_nobody.reuse(_jspx_th_c_out_3);
    return false;
  }

  private boolean _jspx_meth_c_remove_0(PageContext _jspx_page_context)
          throws Throwable {
    PageContext pageContext = _jspx_page_context;
    JspWriter out = _jspx_page_context.getOut();
    //  c:remove
    org.apache.taglibs.standard.tag.common.core.RemoveTag _jspx_th_c_remove_0 = (org.apache.taglibs.standard.tag.common.core.RemoveTag) _jspx_tagPool_c_remove_var_nobody.get(org.apache.taglibs.standard.tag.common.core.RemoveTag.class);
    _jspx_th_c_remove_0.setPageContext(_jspx_page_context);
    _jspx_th_c_remove_0.setParent(null);
    _jspx_th_c_remove_0.setVar("a");
    int _jspx_eval_c_remove_0 = _jspx_th_c_remove_0.doStartTag();
    if (_jspx_th_c_remove_0.doEndTag() == javax.servlet.jsp.tagext.Tag.SKIP_PAGE) {
      _jspx_tagPool_c_remove_var_nobody.reuse(_jspx_th_c_remove_0);
      return true;
    }
    _jspx_tagPool_c_remove_var_nobody.reuse(_jspx_th_c_remove_0);
    return false;
  }

  private boolean _jspx_meth_c_out_4(PageContext _jspx_page_context)
          throws Throwable {
    PageContext pageContext = _jspx_page_context;
    JspWriter out = _jspx_page_context.getOut();
    //  c:out
    org.apache.taglibs.standard.tag.rt.core.OutTag _jspx_th_c_out_4 = (org.apache.taglibs.standard.tag.rt.core.OutTag) _jspx_tagPool_c_out_value_nobody.get(org.apache.taglibs.standard.tag.rt.core.OutTag.class);
    _jspx_th_c_out_4.setPageContext(_jspx_page_context);
    _jspx_th_c_out_4.setParent(null);
    _jspx_th_c_out_4.setValue((java.lang.Object) org.apache.jasper.runtime.PageContextImpl.evaluateExpression("${a}", java.lang.Object.class, (PageContext)_jspx_page_context, null));
    int _jspx_eval_c_out_4 = _jspx_th_c_out_4.doStartTag();
    if (_jspx_th_c_out_4.doEndTag() == javax.servlet.jsp.tagext.Tag.SKIP_PAGE) {
      _jspx_tagPool_c_out_value_nobody.reuse(_jspx_th_c_out_4);
      return true;
    }
    _jspx_tagPool_c_out_value_nobody.reuse(_jspx_th_c_out_4);
    return false;
  }

  private boolean _jspx_meth_c_out_5(PageContext _jspx_page_context)
          throws Throwable {
    PageContext pageContext = _jspx_page_context;
    JspWriter out = _jspx_page_context.getOut();
    //  c:out
    org.apache.taglibs.standard.tag.rt.core.OutTag _jspx_th_c_out_5 = (org.apache.taglibs.standard.tag.rt.core.OutTag) _jspx_tagPool_c_out_value_nobody.get(org.apache.taglibs.standard.tag.rt.core.OutTag.class);
    _jspx_th_c_out_5.setPageContext(_jspx_page_context);
    _jspx_th_c_out_5.setParent(null);
    _jspx_th_c_out_5.setValue((java.lang.Object) org.apache.jasper.runtime.PageContextImpl.evaluateExpression("${myException}", java.lang.Object.class, (PageContext)_jspx_page_context, null));
    int _jspx_eval_c_out_5 = _jspx_th_c_out_5.doStartTag();
    if (_jspx_th_c_out_5.doEndTag() == javax.servlet.jsp.tagext.Tag.SKIP_PAGE) {
      _jspx_tagPool_c_out_value_nobody.reuse(_jspx_th_c_out_5);
      return true;
    }
    _jspx_tagPool_c_out_value_nobody.reuse(_jspx_th_c_out_5);
    return false;
  }

  private boolean _jspx_meth_c_set_1(PageContext _jspx_page_context)
          throws Throwable {
    PageContext pageContext = _jspx_page_context;
    JspWriter out = _jspx_page_context.getOut();
    //  c:set
    org.apache.taglibs.standard.tag.rt.core.SetTag _jspx_th_c_set_1 = (org.apache.taglibs.standard.tag.rt.core.SetTag) _jspx_tagPool_c_set_var_value_nobody.get(org.apache.taglibs.standard.tag.rt.core.SetTag.class);
    _jspx_th_c_set_1.setPageContext(_jspx_page_context);
    _jspx_th_c_set_1.setParent(null);
    _jspx_th_c_set_1.setVar("a");
    _jspx_th_c_set_1.setValue((java.lang.Object) org.apache.jasper.runtime.PageContextImpl.evaluateExpression("${800}", java.lang.Object.class, (PageContext)_jspx_page_context, null));
    int _jspx_eval_c_set_1 = _jspx_th_c_set_1.doStartTag();
    if (_jspx_th_c_set_1.doEndTag() == javax.servlet.jsp.tagext.Tag.SKIP_PAGE) {
      _jspx_tagPool_c_set_var_value_nobody.reuse(_jspx_th_c_set_1);
      return true;
    }
    _jspx_tagPool_c_set_var_value_nobody.reuse(_jspx_th_c_set_1);
    return false;
  }

  private boolean _jspx_meth_c_choose_0(PageContext _jspx_page_context)
          throws Throwable {
    PageContext pageContext = _jspx_page_context;
    JspWriter out = _jspx_page_context.getOut();
    //  c:choose
    org.apache.taglibs.standard.tag.common.core.ChooseTag _jspx_th_c_choose_0 = (org.apache.taglibs.standard.tag.common.core.ChooseTag) _jspx_tagPool_c_choose.get(org.apache.taglibs.standard.tag.common.core.ChooseTag.class);
    _jspx_th_c_choose_0.setPageContext(_jspx_page_context);
    _jspx_th_c_choose_0.setParent(null);
    int _jspx_eval_c_choose_0 = _jspx_th_c_choose_0.doStartTag();
    if (_jspx_eval_c_choose_0 != javax.servlet.jsp.tagext.Tag.SKIP_BODY) {
      do {
        out.write("\n");
        out.write("    \n");
        out.write("    ");
        if (_jspx_meth_c_when_0((javax.servlet.jsp.tagext.JspTag) _jspx_th_c_choose_0, _jspx_page_context))
          return true;
        out.write("\n");
        out.write("    ");
        if (_jspx_meth_c_when_1((javax.servlet.jsp.tagext.JspTag) _jspx_th_c_choose_0, _jspx_page_context))
          return true;
        out.write("\n");
        out.write("        ");
        if (_jspx_meth_c_otherwise_0((javax.servlet.jsp.tagext.JspTag) _jspx_th_c_choose_0, _jspx_page_context))
          return true;
        out.write('\n');
        int evalDoAfterBody = _jspx_th_c_choose_0.doAfterBody();
        if (evalDoAfterBody != javax.servlet.jsp.tagext.BodyTag.EVAL_BODY_AGAIN)
          break;
      } while (true);
    }
    if (_jspx_th_c_choose_0.doEndTag() == javax.servlet.jsp.tagext.Tag.SKIP_PAGE) {
      _jspx_tagPool_c_choose.reuse(_jspx_th_c_choose_0);
      return true;
    }
    _jspx_tagPool_c_choose.reuse(_jspx_th_c_choose_0);
    return false;
  }

  private boolean _jspx_meth_c_when_0(javax.servlet.jsp.tagext.JspTag _jspx_th_c_choose_0, PageContext _jspx_page_context)
          throws Throwable {
    PageContext pageContext = _jspx_page_context;
    JspWriter out = _jspx_page_context.getOut();
    //  c:when
    org.apache.taglibs.standard.tag.rt.core.WhenTag _jspx_th_c_when_0 = (org.apache.taglibs.standard.tag.rt.core.WhenTag) _jspx_tagPool_c_when_test.get(org.apache.taglibs.standard.tag.rt.core.WhenTag.class);
    _jspx_th_c_when_0.setPageContext(_jspx_page_context);
    _jspx_th_c_when_0.setParent((javax.servlet.jsp.tagext.Tag) _jspx_th_c_choose_0);
    _jspx_th_c_when_0.setTest(((java.lang.Boolean) org.apache.jasper.runtime.PageContextImpl.evaluateExpression("${a<500}", java.lang.Boolean.class, (PageContext)_jspx_page_context, null)).booleanValue());
    int _jspx_eval_c_when_0 = _jspx_th_c_when_0.doStartTag();
    if (_jspx_eval_c_when_0 != javax.servlet.jsp.tagext.Tag.SKIP_BODY) {
      do {
        out.write("\n");
        out.write("        you loose\n");
        out.write("    ");
        int evalDoAfterBody = _jspx_th_c_when_0.doAfterBody();
        if (evalDoAfterBody != javax.servlet.jsp.tagext.BodyTag.EVAL_BODY_AGAIN)
          break;
      } while (true);
    }
    if (_jspx_th_c_when_0.doEndTag() == javax.servlet.jsp.tagext.Tag.SKIP_PAGE) {
      _jspx_tagPool_c_when_test.reuse(_jspx_th_c_when_0);
      return true;
    }
    _jspx_tagPool_c_when_test.reuse(_jspx_th_c_when_0);
    return false;
  }

  private boolean _jspx_meth_c_when_1(javax.servlet.jsp.tagext.JspTag _jspx_th_c_choose_0, PageContext _jspx_page_context)
          throws Throwable {
    PageContext pageContext = _jspx_page_context;
    JspWriter out = _jspx_page_context.getOut();
    //  c:when
    org.apache.taglibs.standard.tag.rt.core.WhenTag _jspx_th_c_when_1 = (org.apache.taglibs.standard.tag.rt.core.WhenTag) _jspx_tagPool_c_when_test.get(org.apache.taglibs.standard.tag.rt.core.WhenTag.class);
    _jspx_th_c_when_1.setPageContext(_jspx_page_context);
    _jspx_th_c_when_1.setParent((javax.servlet.jsp.tagext.Tag) _jspx_th_c_choose_0);
    _jspx_th_c_when_1.setTest(((java.lang.Boolean) org.apache.jasper.runtime.PageContextImpl.evaluateExpression("${a>500}", java.lang.Boolean.class, (PageContext)_jspx_page_context, null)).booleanValue());
    int _jspx_eval_c_when_1 = _jspx_th_c_when_1.doStartTag();
    if (_jspx_eval_c_when_1 != javax.servlet.jsp.tagext.Tag.SKIP_BODY) {
      do {
        out.write("\n");
        out.write("        you win\n");
        out.write("    ");
        int evalDoAfterBody = _jspx_th_c_when_1.doAfterBody();
        if (evalDoAfterBody != javax.servlet.jsp.tagext.BodyTag.EVAL_BODY_AGAIN)
          break;
      } while (true);
    }
    if (_jspx_th_c_when_1.doEndTag() == javax.servlet.jsp.tagext.Tag.SKIP_PAGE) {
      _jspx_tagPool_c_when_test.reuse(_jspx_th_c_when_1);
      return true;
    }
    _jspx_tagPool_c_when_test.reuse(_jspx_th_c_when_1);
    return false;
  }

  private boolean _jspx_meth_c_otherwise_0(javax.servlet.jsp.tagext.JspTag _jspx_th_c_choose_0, PageContext _jspx_page_context)
          throws Throwable {
    PageContext pageContext = _jspx_page_context;
    JspWriter out = _jspx_page_context.getOut();
    //  c:otherwise
    org.apache.taglibs.standard.tag.common.core.OtherwiseTag _jspx_th_c_otherwise_0 = (org.apache.taglibs.standard.tag.common.core.OtherwiseTag) _jspx_tagPool_c_otherwise.get(org.apache.taglibs.standard.tag.common.core.OtherwiseTag.class);
    _jspx_th_c_otherwise_0.setPageContext(_jspx_page_context);
    _jspx_th_c_otherwise_0.setParent((javax.servlet.jsp.tagext.Tag) _jspx_th_c_choose_0);
    int _jspx_eval_c_otherwise_0 = _jspx_th_c_otherwise_0.doStartTag();
    if (_jspx_eval_c_otherwise_0 != javax.servlet.jsp.tagext.Tag.SKIP_BODY) {
      do {
        out.write("\n");
        out.write("           lol\n");
        out.write("        ");
        int evalDoAfterBody = _jspx_th_c_otherwise_0.doAfterBody();
        if (evalDoAfterBody != javax.servlet.jsp.tagext.BodyTag.EVAL_BODY_AGAIN)
          break;
      } while (true);
    }
    if (_jspx_th_c_otherwise_0.doEndTag() == javax.servlet.jsp.tagext.Tag.SKIP_PAGE) {
      _jspx_tagPool_c_otherwise.reuse(_jspx_th_c_otherwise_0);
      return true;
    }
    _jspx_tagPool_c_otherwise.reuse(_jspx_th_c_otherwise_0);
    return false;
  }

  private boolean _jspx_meth_c_forEach_0(PageContext _jspx_page_context)
          throws Throwable {
    PageContext pageContext = _jspx_page_context;
    JspWriter out = _jspx_page_context.getOut();
    //  c:forEach
    org.apache.taglibs.standard.tag.rt.core.ForEachTag _jspx_th_c_forEach_0 = (org.apache.taglibs.standard.tag.rt.core.ForEachTag) _jspx_tagPool_c_forEach_var_end_begin.get(org.apache.taglibs.standard.tag.rt.core.ForEachTag.class);
    _jspx_th_c_forEach_0.setPageContext(_jspx_page_context);
    _jspx_th_c_forEach_0.setParent(null);
    _jspx_th_c_forEach_0.setVar("i");
    _jspx_th_c_forEach_0.setBegin(0);
    _jspx_th_c_forEach_0.setEnd(5);
    int[] _jspx_push_body_count_c_forEach_0 = new int[] { 0 };
    try {
      int _jspx_eval_c_forEach_0 = _jspx_th_c_forEach_0.doStartTag();
      if (_jspx_eval_c_forEach_0 != javax.servlet.jsp.tagext.Tag.SKIP_BODY) {
        do {
          out.write("\n");
          out.write("               ");
          if (_jspx_meth_c_out_6((javax.servlet.jsp.tagext.JspTag) _jspx_th_c_forEach_0, _jspx_page_context, _jspx_push_body_count_c_forEach_0))
            return true;
          out.write(" <br>\n");
          out.write("           ");
          int evalDoAfterBody = _jspx_th_c_forEach_0.doAfterBody();
          if (evalDoAfterBody != javax.servlet.jsp.tagext.BodyTag.EVAL_BODY_AGAIN)
            break;
        } while (true);
      }
      if (_jspx_th_c_forEach_0.doEndTag() == javax.servlet.jsp.tagext.Tag.SKIP_PAGE) {
        return true;
      }
    } catch (Throwable _jspx_exception) {
      while (_jspx_push_body_count_c_forEach_0[0]-- > 0)
        out = _jspx_page_context.popBody();
      _jspx_th_c_forEach_0.doCatch(_jspx_exception);
    } finally {
      _jspx_th_c_forEach_0.doFinally();
      _jspx_tagPool_c_forEach_var_end_begin.reuse(_jspx_th_c_forEach_0);
    }
    return false;
  }

  private boolean _jspx_meth_c_out_6(javax.servlet.jsp.tagext.JspTag _jspx_th_c_forEach_0, PageContext _jspx_page_context, int[] _jspx_push_body_count_c_forEach_0)
          throws Throwable {
    PageContext pageContext = _jspx_page_context;
    JspWriter out = _jspx_page_context.getOut();
    //  c:out
    org.apache.taglibs.standard.tag.rt.core.OutTag _jspx_th_c_out_6 = (org.apache.taglibs.standard.tag.rt.core.OutTag) _jspx_tagPool_c_out_value_nobody.get(org.apache.taglibs.standard.tag.rt.core.OutTag.class);
    _jspx_th_c_out_6.setPageContext(_jspx_page_context);
    _jspx_th_c_out_6.setParent((javax.servlet.jsp.tagext.Tag) _jspx_th_c_forEach_0);
    _jspx_th_c_out_6.setValue((java.lang.Object) org.apache.jasper.runtime.PageContextImpl.evaluateExpression("${i}", java.lang.Object.class, (PageContext)_jspx_page_context, null));
    int _jspx_eval_c_out_6 = _jspx_th_c_out_6.doStartTag();
    if (_jspx_th_c_out_6.doEndTag() == javax.servlet.jsp.tagext.Tag.SKIP_PAGE) {
      _jspx_tagPool_c_out_value_nobody.reuse(_jspx_th_c_out_6);
      return true;
    }
    _jspx_tagPool_c_out_value_nobody.reuse(_jspx_th_c_out_6);
    return false;
  }

  private boolean _jspx_meth_c_forTokens_0(PageContext _jspx_page_context)
          throws Throwable {
    PageContext pageContext = _jspx_page_context;
    JspWriter out = _jspx_page_context.getOut();
    //  c:forTokens
    org.apache.taglibs.standard.tag.rt.core.ForTokensTag _jspx_th_c_forTokens_0 = (org.apache.taglibs.standard.tag.rt.core.ForTokensTag) _jspx_tagPool_c_forTokens_var_items_delims.get(org.apache.taglibs.standard.tag.rt.core.ForTokensTag.class);
    _jspx_th_c_forTokens_0.setPageContext(_jspx_page_context);
    _jspx_th_c_forTokens_0.setParent(null);
    _jspx_th_c_forTokens_0.setItems(new String("IT Jindabad lala "));
    _jspx_th_c_forTokens_0.setDelims(" ");
    _jspx_th_c_forTokens_0.setVar("name");
    int[] _jspx_push_body_count_c_forTokens_0 = new int[] { 0 };
    try {
      int _jspx_eval_c_forTokens_0 = _jspx_th_c_forTokens_0.doStartTag();
      if (_jspx_eval_c_forTokens_0 != javax.servlet.jsp.tagext.Tag.SKIP_BODY) {
        do {
          out.write("\n");
          out.write("               ");
          if (_jspx_meth_c_out_7((javax.servlet.jsp.tagext.JspTag) _jspx_th_c_forTokens_0, _jspx_page_context, _jspx_push_body_count_c_forTokens_0))
            return true;
          out.write(" <br>\n");
          out.write("    \n");
          int evalDoAfterBody = _jspx_th_c_forTokens_0.doAfterBody();
          if (evalDoAfterBody != javax.servlet.jsp.tagext.BodyTag.EVAL_BODY_AGAIN)
            break;
        } while (true);
      }
      if (_jspx_th_c_forTokens_0.doEndTag() == javax.servlet.jsp.tagext.Tag.SKIP_PAGE) {
        return true;
      }
    } catch (Throwable _jspx_exception) {
      while (_jspx_push_body_count_c_forTokens_0[0]-- > 0)
        out = _jspx_page_context.popBody();
      _jspx_th_c_forTokens_0.doCatch(_jspx_exception);
    } finally {
      _jspx_th_c_forTokens_0.doFinally();
      _jspx_tagPool_c_forTokens_var_items_delims.reuse(_jspx_th_c_forTokens_0);
    }
    return false;
  }

  private boolean _jspx_meth_c_out_7(javax.servlet.jsp.tagext.JspTag _jspx_th_c_forTokens_0, PageContext _jspx_page_context, int[] _jspx_push_body_count_c_forTokens_0)
          throws Throwable {
    PageContext pageContext = _jspx_page_context;
    JspWriter out = _jspx_page_context.getOut();
    //  c:out
    org.apache.taglibs.standard.tag.rt.core.OutTag _jspx_th_c_out_7 = (org.apache.taglibs.standard.tag.rt.core.OutTag) _jspx_tagPool_c_out_value_nobody.get(org.apache.taglibs.standard.tag.rt.core.OutTag.class);
    _jspx_th_c_out_7.setPageContext(_jspx_page_context);
    _jspx_th_c_out_7.setParent((javax.servlet.jsp.tagext.Tag) _jspx_th_c_forTokens_0);
    _jspx_th_c_out_7.setValue((java.lang.Object) org.apache.jasper.runtime.PageContextImpl.evaluateExpression("${name}", java.lang.Object.class, (PageContext)_jspx_page_context, null));
    int _jspx_eval_c_out_7 = _jspx_th_c_out_7.doStartTag();
    if (_jspx_th_c_out_7.doEndTag() == javax.servlet.jsp.tagext.Tag.SKIP_PAGE) {
      _jspx_tagPool_c_out_value_nobody.reuse(_jspx_th_c_out_7);
      return true;
    }
    _jspx_tagPool_c_out_value_nobody.reuse(_jspx_th_c_out_7);
    return false;
  }

  private boolean _jspx_meth_c_url_0(PageContext _jspx_page_context)
          throws Throwable {
    PageContext pageContext = _jspx_page_context;
    JspWriter out = _jspx_page_context.getOut();
    //  c:url
    org.apache.taglibs.standard.tag.rt.core.UrlTag _jspx_th_c_url_0 = (org.apache.taglibs.standard.tag.rt.core.UrlTag) _jspx_tagPool_c_url_value_nobody.get(org.apache.taglibs.standard.tag.rt.core.UrlTag.class);
    _jspx_th_c_url_0.setPageContext(_jspx_page_context);
    _jspx_th_c_url_0.setParent(null);
    _jspx_th_c_url_0.setValue("/MyJspFile.jsp");
    int _jspx_eval_c_url_0 = _jspx_th_c_url_0.doStartTag();
    if (_jspx_th_c_url_0.doEndTag() == javax.servlet.jsp.tagext.Tag.SKIP_PAGE) {
      _jspx_tagPool_c_url_value_nobody.reuse(_jspx_th_c_url_0);
      return true;
    }
    _jspx_tagPool_c_url_value_nobody.reuse(_jspx_th_c_url_0);
    return false;
  }

  private boolean _jspx_meth_c_url_1(PageContext _jspx_page_context)
          throws Throwable {
    PageContext pageContext = _jspx_page_context;
    JspWriter out = _jspx_page_context.getOut();
    //  c:url
    org.apache.taglibs.standard.tag.rt.core.UrlTag _jspx_th_c_url_1 = (org.apache.taglibs.standard.tag.rt.core.UrlTag) _jspx_tagPool_c_url_var_value.get(org.apache.taglibs.standard.tag.rt.core.UrlTag.class);
    _jspx_th_c_url_1.setPageContext(_jspx_page_context);
    _jspx_th_c_url_1.setParent(null);
    _jspx_th_c_url_1.setValue("/index1.jsp");
    _jspx_th_c_url_1.setVar("completeURL");
    int _jspx_eval_c_url_1 = _jspx_th_c_url_1.doStartTag();
    if (_jspx_eval_c_url_1 != javax.servlet.jsp.tagext.Tag.SKIP_BODY) {
      if (_jspx_eval_c_url_1 != javax.servlet.jsp.tagext.Tag.EVAL_BODY_INCLUDE) {
        out = _jspx_page_context.pushBody();
        _jspx_th_c_url_1.setBodyContent((javax.servlet.jsp.tagext.BodyContent) out);
        _jspx_th_c_url_1.doInitBody();
      }
      do {
        out.write(" \n");
        out.write(" ");
        if (_jspx_meth_c_param_0((javax.servlet.jsp.tagext.JspTag) _jspx_th_c_url_1, _jspx_page_context))
          return true;
        out.write("  \n");
        out.write(" ");
        if (_jspx_meth_c_param_1((javax.servlet.jsp.tagext.JspTag) _jspx_th_c_url_1, _jspx_page_context))
          return true;
        out.write("  \n");
        int evalDoAfterBody = _jspx_th_c_url_1.doAfterBody();
        if (evalDoAfterBody != javax.servlet.jsp.tagext.BodyTag.EVAL_BODY_AGAIN)
          break;
      } while (true);
      if (_jspx_eval_c_url_1 != javax.servlet.jsp.tagext.Tag.EVAL_BODY_INCLUDE)
        out = _jspx_page_context.popBody();
    }
    if (_jspx_th_c_url_1.doEndTag() == javax.servlet.jsp.tagext.Tag.SKIP_PAGE) {
      _jspx_tagPool_c_url_var_value.reuse(_jspx_th_c_url_1);
      return true;
    }
    _jspx_tagPool_c_url_var_value.reuse(_jspx_th_c_url_1);
    return false;
  }

  private boolean _jspx_meth_c_param_0(javax.servlet.jsp.tagext.JspTag _jspx_th_c_url_1, PageContext _jspx_page_context)
          throws Throwable {
    PageContext pageContext = _jspx_page_context;
    JspWriter out = _jspx_page_context.getOut();
    //  c:param
    org.apache.taglibs.standard.tag.rt.core.ParamTag _jspx_th_c_param_0 = (org.apache.taglibs.standard.tag.rt.core.ParamTag) _jspx_tagPool_c_param_value_name_nobody.get(org.apache.taglibs.standard.tag.rt.core.ParamTag.class);
    _jspx_th_c_param_0.setPageContext(_jspx_page_context);
    _jspx_th_c_param_0.setParent((javax.servlet.jsp.tagext.Tag) _jspx_th_c_url_1);
    _jspx_th_c_param_0.setName("CollegeCode");
    _jspx_th_c_param_0.setValue("054");
    int _jspx_eval_c_param_0 = _jspx_th_c_param_0.doStartTag();
    if (_jspx_th_c_param_0.doEndTag() == javax.servlet.jsp.tagext.Tag.SKIP_PAGE) {
      _jspx_tagPool_c_param_value_name_nobody.reuse(_jspx_th_c_param_0);
      return true;
    }
    _jspx_tagPool_c_param_value_name_nobody.reuse(_jspx_th_c_param_0);
    return false;
  }

  private boolean _jspx_meth_c_param_1(javax.servlet.jsp.tagext.JspTag _jspx_th_c_url_1, PageContext _jspx_page_context)
          throws Throwable {
    PageContext pageContext = _jspx_page_context;
    JspWriter out = _jspx_page_context.getOut();
    //  c:param
    org.apache.taglibs.standard.tag.rt.core.ParamTag _jspx_th_c_param_1 = (org.apache.taglibs.standard.tag.rt.core.ParamTag) _jspx_tagPool_c_param_value_name_nobody.get(org.apache.taglibs.standard.tag.rt.core.ParamTag.class);
    _jspx_th_c_param_1.setPageContext(_jspx_page_context);
    _jspx_th_c_param_1.setParent((javax.servlet.jsp.tagext.Tag) _jspx_th_c_url_1);
    _jspx_th_c_param_1.setName("Name");
    _jspx_th_c_param_1.setValue("DIET");
    int _jspx_eval_c_param_1 = _jspx_th_c_param_1.doStartTag();
    if (_jspx_th_c_param_1.doEndTag() == javax.servlet.jsp.tagext.Tag.SKIP_PAGE) {
      _jspx_tagPool_c_param_value_name_nobody.reuse(_jspx_th_c_param_1);
      return true;
    }
    _jspx_tagPool_c_param_value_name_nobody.reuse(_jspx_th_c_param_1);
    return false;
  }
}
