<?xml version="1.0" encoding="UTF-8"?>
<project-private xmlns="http://www.netbeans.org/ns/project-private/1">
    <editor-bookmarks xmlns="http://www.netbeans.org/ns/editor-bookmarks/2" lastBookmarkId="0"/>
    <open-files xmlns="http://www.netbeans.org/ns/projectui-open-files/2">
        <group>
            <file>file:/C:/Users/dhaval/Documents/NetBeansProjects/JSF_UI_tags/web/header.xhtml</file>
            <file>file:/C:/Users/dhaval/Documents/NetBeansProjects/JSF_UI_tags/web/facelet_tags.xhtml</file>
            <file>file:/C:/Users/dhaval/Documents/NetBeansProjects/JSF_UI_tags/web/footer.xhtml</file>
            <file>file:/C:/Users/dhaval/Documents/NetBeansProjects/JSF_UI_tags/web/Converter_tags.xhtml</file>
        </group>
    </open-files>
</project-private>
