<?xml version="1.0" encoding="UTF-8"?>
<project-private xmlns="http://www.netbeans.org/ns/project-private/1">
    <editor-bookmarks xmlns="http://www.netbeans.org/ns/editor-bookmarks/2" lastBookmarkId="0"/>
    <open-files xmlns="http://www.netbeans.org/ns/projectui-open-files/2">
        <group>
            <file>file:/C:/Users/dhaval/Documents/NetBeansProjects/JDBCBasic1/src/Statements/Cstmt.java</file>
            <file>file:/C:/Users/dhaval/Documents/NetBeansProjects/JDBCBasic1/src/UpdatableRS/Update.java</file>
            <file>file:/C:/Users/dhaval/Documents/NetBeansProjects/JDBCBasic1/src/Statements/Stmt.java</file>
            <file>file:/C:/Users/dhaval/Documents/NetBeansProjects/JDBCBasic1/src/UpdatableRS/Insert.java</file>
            <file>file:/C:/Users/dhaval/Documents/NetBeansProjects/JDBCBasic1/src/Images/ImgToDB.java</file>
        </group>
    </open-files>
</project-private>
