<%-- 
    Document   : newjsp
    Created on : Mar 12, 2018, 2:34:31 PM
    Author     : dhaval
--%>



<%@page import="java.sql.*"%>
<%@page contentType="text/html" pageEncoding="UTF-8"%>
<!DOCTYPE html>
<html>
    <head>
        <meta http-equiv="Content-Type" content="text/html; charset=UTF-8">
        <title>JSP Page</title>
    </head>
    <body>
             <table border="1">
                 <tbody>
        <% 
            String url = "jdbc:derby://localhost:1527/students";
            String uname = "root";
            String pass = "pass";

            try {
                Connection con =  DriverManager.getConnection(url, uname, pass);
                  Statement st = con.createStatement();
                  ResultSet rs = st.executeQuery("select * from student");

                               while(rs.next())
             {%>         
        
                     <tr>
                         <td><%=rs.getInt(1)%></td>
                         <td><%=rs.getString(2)%></td>
                     </tr>
     
             <%  }
                          } catch (SQLException e) {
                    System.out.println(e);
                }
            %>
                 </tbody>
             </table>
        
            
            
    </body>
</html>
